{
    "controlPoint0": {
        "x": -12.181413650512695,
        "y": 2.9540977478027344,
        "z": 174.35415649414062
    },
    "controlPoint1": {
        "x": 41.09514617919922,
        "y": 2.9540977478027344,
        "z": 166.8054962158203
    },
    "controlPoint2": {
        "x": 164.3682403564453,
        "y": 2.9540977478027344,
        "z": 161.211669921875
    },
    "controlPoint3": {
        "x": 108.994384765625,
        "y": 2.9540977478027344,
        "z": 140.56675720214844
    },
    "controlPoint4": {
        "x": 108.99435424804688,
        "y": 2.9540977478027344,
        "z": 170.60000610351562
    },
    "controlPoint5": {
        "x": 180.2190704345703,
        "y": 2.9540977478027344,
        "z": 138.68968200683594
    },
    "controlPoint6": {
        "x": 145.18026733398438,
        "y": 2.9540977478027344,
        "z": 114.28768157958984
    },
    "controlPoint7": {
        "x": 112.95709228515625,
        "y": 2.9540977478027344,
        "z": 95.51689910888672
    },
    "controlPoint8": {
        "x": 44.860862731933594,
        "y": 2.9540977478027344,
        "z": 63.502296447753906
    },
    "controlPoint9": {
        "x": 151.1243438720703,
        "y": 2.9540977478027344,
        "z": 49.841331481933594
    },
    "controlPoint10": {
        "x": 89.80646514892578,
        "y": 2.9540977478027344,
        "z": 37.327476501464844
    },
    "controlPoint11": {
        "x": 147.37017822265625,
        "y": 2.9540977478027344,
        "z": -17.1077823638916
    },
    "controlPoint12": {
        "x": 46.63368225097656,
        "y": 2.9540977478027344,
        "z": -10.225156784057617
    },
    "controlPoint13": {
        "x": 12.22059440612793,
        "y": 2.9540977478027344,
        "z": 97.08110809326172
    },
    "controlPoint14": {
        "x": -84.13605499267578,
        "y": 2.9540977478027344,
        "z": 148.7007598876953
    },
    "controlPoint15": {
        "x": -91.01866912841797,
        "y": 2.9540977478027344,
        "z": 98.01966857910156
    },
    "controlPoint16": {
        "x": -129.95065307617188,
        "y": 2.9540977478027344,
        "z": 37.032005310058594
    },
    "controlPoint17": {
        "x": -6.532796859741211,
        "y": 2.9540977478027344,
        "z": -39.00701141357422
    },
    "controlPoint18": {
        "x": -17.623737335205078,
        "y": 2.9540977478027344,
        "z": 27.316396713256836
    },
    "controlPoint19": {
        "x": -87.12548828125,
        "y": 2.9540977478027344,
        "z": 2.4277496337890625
    },
    "controlPoint20": {
        "x": -1.3186898231506348,
        "y": 2.9540977478027344,
        "z": -89.65337371826172
    },
    "controlPoint21": {
        "x": 38.673484802246094,
        "y": 2.9540977478027344,
        "z": -128.6896514892578
    },
    "controlPoint22": {
        "x": -87.26451110839844,
        "y": 2.9540977478027344,
        "z": -49.956634521484375
    },
    "controlPoint23": {
        "x": -39.120967864990234,
        "y": 2.9540977478027344,
        "z": 78.3104248046875
    },
    "controlPoint24": {
        "x": 96.01127624511719,
        "y": 2.9540977478027344,
        "z": -138.50953674316406
    },
    "controlPoint25": {
        "x": 136.05877685546875,
        "y": 2.9540977478027344,
        "z": -165.88365173339844
    },
    "controlPoint26": {
        "x": 1.7228686809539795,
        "y": 2.9540977478027344,
        "z": -165.44911193847656
    },
    "controlPoint27": {
        "x": -53.025238037109375,
        "y": 2.9540977478027344,
        "z": -124.17073822021484
    },
    "controlPoint28": {
        "x": -86.63880920410156,
        "y": 2.9540977478027344,
        "z": 49.841346740722656
    },
    "controlPoint29": {
        "x": -129.2728271484375,
        "y": 2.9540977478027344,
        "z": -165.37957763671875
    },
    "controlPoint30": {
        "x": -85.17888641357422,
        "y": 2.9540977478027344,
        "z": -172.1579132080078
    },
    "controlPoint31": {
        "x": 92.03115844726562,
        "y": 2.9540977478027344,
        "z": -65.91180419921875
    },
    "controlPoint32": {
        "x": 144.7428741455078,
        "y": 2.9540977478027344,
        "z": -113.16897583007812
    },
    "controlPoint33": {
        "x": 179.08935546875,
        "y": 2.9540977478027344,
        "z": -69.66595458984375
    },
    "controlPoint34": {
        "x": -149.24285888671875,
        "y": 2.9540977478027344,
        "z": -39.00701141357422
    },
    "controlPoint35": {
        "x": -160.12298583984375,
        "y": 2.9540977478027344,
        "z": -174.50425720214844
    },
    "controlPoint36": {
        "x": -152.30181884765625,
        "y": 2.9540977478027344,
        "z": -135.8329620361328
    },
    "controlPoint37": {
        "x": -125.36225128173828,
        "y": 2.9540977478027344,
        "z": -83.6918716430664
    },
    "controlPoint38": {
        "x": -180.11038208007812,
        "y": 2.9540977478027344,
        "z": -156.2548828125
    },
    "controlPoint39": {
        "x": -127.04812622070312,
        "y": 2.9540977478027344,
        "z": 60.704078674316406
    },
    "controlPoint40": {
        "x": -143.1973876953125,
        "y": 2.9540977478027344,
        "z": 96.76831817626953
    },
    "controlPoint41": {
        "x": -169.7024383544922,
        "y": 2.9540977478027344,
        "z": 57.662506103515625
    },
    "controlPoint42": {
        "x": -167.81956481933594,
        "y": 2.9540977478027344,
        "z": 83.37096405029297
    }
}