{
    "Real_River": {
        "x": 193.8022003173828,
        "y": -3.9282054901123047,
        "z": -171.52011108398438
    },
    "Real_River.001": {
        "x": 184.41860961914062,
        "y": -3.9282054901123047,
        "z": -185.31260681152344
    },
    "Real_River.002": {
        "x": 162.23709106445312,
        "y": -3.9282054901123047,
        "z": -194.10818481445312
    },
    "Real_River.003": {
        "x": 129.4349365234375,
        "y": -3.9282054901123047,
        "z": -199.1656494140625
    },
    "Real_River.004": {
        "x": 91.16574096679688,
        "y": -3.9282054901123047,
        "z": -200.5501251220703
    },
    "Real_River.005": {
        "x": 51.07421112060547,
        "y": -3.9282054901123047,
        "z": -201.22824096679688
    },
    "Real_River.006": {
        "x": 20.18563461303711,
        "y": -3.9282054901123047,
        "z": -202.95741271972656
    },
    "Real_River.007": {
        "x": -7.111738204956055,
        "y": -3.9282054901123047,
        "z": -201.12652587890625
    },
    "Real_River.009": {
        "x": -50.14239501953125,
        "y": -3.9282054901123047,
        "z": -205.60205078125
    },
    "Real_River.010": {
        "x": -204.93504333496094,
        "y": -3.9282054901123047,
        "z": -180.52284240722656
    },
    "Real_River.011": {
        "x": -69.67195892333984,
        "y": -3.9282054901123047,
        "z": -207.4329376220703
    },
    "Real_River.012": {
        "x": -95.91480255126953,
        "y": -3.9282054901123047,
        "z": -208.8569793701172
    },
    "Real_River.013": {
        "x": -120.93704986572266,
        "y": -3.9282054901123047,
        "z": -209.46726989746094
    },
    "Real_River.014": {
        "x": -144.7386932373047,
        "y": -3.9282054901123047,
        "z": -208.24667358398438
    },
    "Real_River.015": {
        "x": -169.96438598632812,
        "y": -3.9282054901123047,
        "z": -209.8741455078125
    },
    "Real_River.016": {
        "x": 220.1333770751953,
        "y": -3.9282054901123047,
        "z": -180.72853088378906
    },
    "Real_River.017": {
        "x": -143.72152709960938,
        "y": -3.9282054901123047,
        "z": -221.67324829101562
    },
    "Real_River.019": {
        "x": 203.92742919921875,
        "y": -3.9282054901123047,
        "z": -200.7635955810547
    },
    "Real_River.021": {
        "x": 152.8657684326172,
        "y": -3.9282054901123047,
        "z": -211.7489776611328
    },
    "Real_River.024": {
        "x": 179.7189178466797,
        "y": -3.9282054901123047,
        "z": -209.91807556152344
    },
    "Real_River.025": {
        "x": 117.06158447265625,
        "y": -3.9282054901123047,
        "z": -212.35926818847656
    },
    "Real_River.027": {
        "x": 73.85243225097656,
        "y": -3.9282054901123047,
        "z": -212.35926818847656
    },
    "Real_River.029": {
        "x": 35.76979064941406,
        "y": -3.9282054901123047,
        "z": -214.06809997558594
    },
    "Real_River.031": {
        "x": -2.3128509521484375,
        "y": -3.9282054901123047,
        "z": -215.53282165527344
    },
    "Real_River.033": {
        "x": -40.15137481689453,
        "y": -3.9282054901123047,
        "z": -217.48577880859375
    },
    "Real_River.035": {
        "x": -64.56332397460938,
        "y": -3.9282054901123047,
        "z": -219.682861328125
    },
    "Real_River.036": {
        "x": -104.84303283691406,
        "y": -3.9282054901123047,
        "z": -219.682861328125
    },
    "Real_River.039": {
        "x": -175.701171875,
        "y": -3.9282054901123047,
        "z": -222.64971923828125
    },
    "Real_River.041": {
        "x": -216.85971069335938,
        "y": -3.9282054901123047,
        "z": -218.7438201904297
    },
    "Real_River.042": {
        "x": -203.53079223632812,
        "y": -3.9282054901123047,
        "z": -224.3585662841797
    },
    "Real_River.043": {
        "x": -230.53273010253906,
        "y": -3.928190231323242,
        "z": 66.51873779296875
    },
    "Real_River.044": {
        "x": -223.25564575195312,
        "y": -3.9282054901123047,
        "z": -203.90135192871094
    },
    "Real_River.045": {
        "x": -192.8755340576172,
        "y": -3.9282054901123047,
        "z": -203.03065490722656
    },
    "Real_River.046": {
        "x": -226.62452697753906,
        "y": -3.9282054901123047,
        "z": -176.60877990722656
    },
    "Real_River.047": {
        "x": -206.80401611328125,
        "y": -3.9282054901123047,
        "z": -19.88237762451172
    },
    "Real_River.048": {
        "x": -187.52952575683594,
        "y": -3.928190231323242,
        "z": 69.38182067871094
    },
    "Real_River.049": {
        "x": -203.2948760986328,
        "y": -3.9282054901123047,
        "z": 40.85960388183594
    },
    "Real_River.050": {
        "x": -230.34527587890625,
        "y": -3.928190231323242,
        "z": 31.031530380249023
    },
    "Real_River.051": {
        "x": -203.2828369140625,
        "y": -3.9282054901123047,
        "z": -57.39672088623047
    },
    "Real_River.052": {
        "x": -203.65585327148438,
        "y": -3.9282054901123047,
        "z": -104.1446533203125
    },
    "Real_River.053": {
        "x": -227.37210083007812,
        "y": -3.9282054901123047,
        "z": -59.076725006103516
    },
    "Real_River.054": {
        "x": -227.86306762695312,
        "y": -3.9282054901123047,
        "z": -139.48385620117188
    },
    "Real_River.055": {
        "x": -207.62034606933594,
        "y": -3.9282054901123047,
        "z": -154.86878967285156
    },
    "Real_River.056": {
        "x": -228.064697265625,
        "y": -3.9282054901123047,
        "z": -103.25448608398438
    },
    "Real_River.057": {
        "x": -228.6106719970703,
        "y": -3.9282054901123047,
        "z": -14.628569602966309
    },
    "Real_River.058": {
        "x": -233.79885864257812,
        "y": -3.928190231323242,
        "z": 165.0833282470703
    },
    "Real_River.059": {
        "x": -205.3881072998047,
        "y": -3.9282054901123047,
        "z": 11.892240524291992
    },
    "Real_River.060": {
        "x": -173.6147003173828,
        "y": -3.928190231323242,
        "z": 99.57128143310547
    },
    "Real_River.061": {
        "x": -161.1645965576172,
        "y": -3.928190231323242,
        "z": 126.66857147216797
    },
    "Real_River.062": {
        "x": -143.83209228515625,
        "y": -3.928190231323242,
        "z": 148.15109252929688
    },
    "Real_River.063": {
        "x": -234.7753448486328,
        "y": -3.928190231323242,
        "z": 140.67135620117188
    },
    "Real_River.064": {
        "x": -233.7988739013672,
        "y": -3.928190231323242,
        "z": 103.32105255126953
    },
    "Real_River.065": {
        "x": -204.74862670898438,
        "y": -3.928190231323242,
        "z": 206.09542846679688
    },
    "Real_River.066": {
        "x": -228.9164581298828,
        "y": -3.928190231323242,
        "z": 187.54232788085938
    },
    "Real_River.067": {
        "x": -140.54515075683594,
        "y": -3.928190231323242,
        "z": 210.9778289794922
    },
    "Real_River.068": {
        "x": -100.02128601074219,
        "y": -3.928190231323242,
        "z": 206.5836639404297
    },
    "Real_River.069": {
        "x": -177.16310119628906,
        "y": -3.928190231323242,
        "z": 211.9542999267578
    },
    "Real_River.071": {
        "x": -62.27659606933594,
        "y": -3.928190231323242,
        "z": 171.70375061035156
    },
    "Real_River.072": {
        "x": -101.29668426513672,
        "y": -3.928190231323242,
        "z": 169.9460906982422
    },
    "Real_River.073": {
        "x": -19.74118423461914,
        "y": -3.928190231323242,
        "z": 174.86753845214844
    },
    "Real_River.074": {
        "x": 30.035789489746094,
        "y": -3.928190231323242,
        "z": 178.9453125
    },
    "Real_River.075": {
        "x": 75.59437561035156,